{"cameraMode":{"drawMode":0,"name":"Shaded","section":"Shading Mode"},"sceneLighting":false,"audioPlay":false,"sceneViewState":{"showFog":false,"showMaterialUpdate":false,"showSkybox":false,"showFlares":false,"showImageEffects":false,"showParticleSystems":false},"in2DMode":false,"pivot":{"x":0.19056057929992677,"y":2.159529685974121,"z":0.2938954830169678},"rotation":{"x":0.39000603556632998,"y":0.026202591136097909,"z":-0.011021905578672886,"w":0.9203734397888184},"size":21.09110450744629,"orthographic":false}