{"cameraMode":{"drawMode":0,"name":"Shaded","section":"Shading Mode"},"sceneLighting":false,"audioPlay":false,"sceneViewState":{"showFog":false,"showMaterialUpdate":false,"showSkybox":false,"showFlares":false,"showImageEffects":false,"showParticleSystems":false},"in2DMode":false,"pivot":{"x":12.869999885559082,"y":-0.11776480078697205,"z":15.2646484375},"rotation":{"x":-0.08319183439016342,"y":0.6980711221694946,"z":-0.08232107758522034,"w":-0.7063987255096436},"size":7.310723304748535,"orthographic":false}