{"cameraMode":{"drawMode":0,"name":"Shaded","section":"Shading Mode"},"sceneLighting":false,"audioPlay":false,"sceneViewState":{"showFog":false,"showMaterialUpdate":false,"showSkybox":false,"showFlares":false,"showImageEffects":false,"showParticleSystems":false},"in2DMode":false,"pivot":{"x":0.06007492542266846,"y":0.5968368053436279,"z":2.025663375854492},"rotation":{"x":-0.17877419292926789,"y":-0.22734861075878144,"z":0.04250632971525192,"w":-0.9563187956809998},"size":5.8952202796936039,"orthographic":false}