{"cameraMode":{"drawMode":0,"name":"Shaded","section":"Shading Mode"},"sceneLighting":false,"audioPlay":false,"sceneViewState":{"showFog":false,"showMaterialUpdate":false,"showSkybox":false,"showFlares":false,"showImageEffects":false,"showParticleSystems":false},"in2DMode":false,"pivot":{"x":0.0,"y":1.9832402467727662,"z":0.5000152587890625},"rotation":{"x":0.3622332513332367,"y":-0.025199906900525094,"z":0.009877847507596016,"w":0.9316944479942322},"size":15036.5478515625,"orthographic":false}