{"cameraMode":{"drawMode":0,"name":"Shaded","section":"Shading Mode"},"sceneLighting":false,"audioPlay":false,"sceneViewState":{"showFog":false,"showMaterialUpdate":false,"showSkybox":false,"showFlares":false,"showImageEffects":false,"showParticleSystems":false},"in2DMode":false,"pivot":{"x":12.023404121398926,"y":-0.019999470561742784,"z":20.514867782592775},"rotation":{"x":0.2838078439235687,"y":0.29755356907844546,"z":-0.09305979311466217,"w":0.9067827463150024},"size":3.50372314453125,"orthographic":false}