{"cameraMode":{"drawMode":0,"name":"Shaded","section":"Shading Mode"},"sceneLighting":false,"audioPlay":false,"sceneViewState":{"showFog":false,"showMaterialUpdate":false,"showSkybox":false,"showFlares":false,"showImageEffects":false,"showParticleSystems":false},"in2DMode":false,"pivot":{"x":11.693355560302735,"y":-0.14392119646072389,"z":20.649478912353517},"rotation":{"x":0.08565211296081543,"y":0.47849419713020327,"z":-0.04689313471317291,"w":0.872644305229187},"size":4.403723239898682,"orthographic":false}