{"cameraMode":{"drawMode":0,"name":"Shaded","section":"Shading Mode"},"sceneLighting":true,"audioPlay":false,"sceneViewState":{"showFog":false,"showMaterialUpdate":false,"showSkybox":false,"showFlares":false,"showImageEffects":false,"showParticleSystems":false},"in2DMode":false,"pivot":{"x":99.77745819091797,"y":49.84651565551758,"z":114.73197174072266},"rotation":{"x":0.4315829277038574,"y":-0.04638180509209633,"z":0.012018783949315548,"w":0.9007999300956726},"size":-28.450376510620118,"orthographic":false}