{"cameraMode":{"drawMode":0,"name":"Shaded","section":"Shading Mode"},"sceneLighting":false,"audioPlay":false,"sceneViewState":{"showFog":false,"showMaterialUpdate":false,"showSkybox":false,"showFlares":false,"showImageEffects":false,"showParticleSystems":false},"in2DMode":false,"pivot":{"x":12.087664604187012,"y":2.004257917404175,"z":27.580482482910158},"rotation":{"x":-0.2708872854709625,"y":-0.41075798869132998,"z":0.129167839884758,"w":-0.8609377145767212},"size":9.793505668640137,"orthographic":false}