{"cameraMode":{"drawMode":0,"name":"Shaded","section":"Shading Mode"},"sceneLighting":false,"audioPlay":false,"sceneViewState":{"showFog":false,"showMaterialUpdate":false,"showSkybox":false,"showFlares":false,"showImageEffects":false,"showParticleSystems":false},"in2DMode":false,"pivot":{"x":14.496977806091309,"y":0.01600000075995922,"z":22.242000579833986},"rotation":{"x":-0.2899813652038574,"y":-0.1645943820476532,"z":0.05070386454463005,"w":-0.9414077997207642},"size":2.333458423614502,"orthographic":false}